Neha Kakkar,"Neha Kakkar (born 6 June 1988) is an Indian singer. She began performing at religious events at the age of four and participated in the second season of the singing reality show, Indian Idol, in which she was eliminated early. After several struggles, she made her Bollywood debut as a chorus singer in the film Meerabai Not Out. She rose to prominence upon the release of the dance track ""Second Hand Jawani"" from Cocktail which was followed by several other popular party songs including ""Sunny Sunny"" from Yaariyan and ""London Thumakda"" from Queen.
Afterwards, she mostly performed party tracks like ""Aao Raja"" from Gabbar Is Back, ""Tu Isaq Mera"" from Hate Story 3, ""Humne Pee Rakhi Hai"" from Sanam Re  and ""Kar Gayi Chull"" from Kapoor & Sons.",https://upload.wikimedia.org/wikipedia/commons/5/53/Neha_Kakkar_Birthday_Bash.jpg,Music,0
Shreya Ghoshal,"Shreya Ghoshal (born 12 March 1984) is an Indian singer, composer and music producer. She has received four National Film Awards, four Kerala State Film Awards, two Tamil Nadu State Film Awards, seven Filmfare Awards including six for Best Female Playback Singer and ten Filmfare Awards South. She has recorded songs for film music and albums in various Indian languages and has established herself as a leading playback singer of Indian cinema.
Ghoshal aspired to become a playback singer from an early age. At the age of four, she started learning music.",https://upload.wikimedia.org/wikipedia/commons/b/bd/Shreya_Ghoshal_at_Filmfare_Awards_South.jpg,Music,1
Armaan Malik,"Armaan Malik (born 22 July 1995) is an Indian singer, songwriter and an actor. He is known for his singing in Hindi, Telugu, Kannada, Tamil, Bengali, Gujarati & Marathi. A finalist on Sa Re Ga Ma Pa L'il Champs (2006), Armaan advanced to eighth place with public votes. He is the brother of composer Amaal Mallik. Previously represented by Universal Music India, he is now signed on by T-Series.",https://upload.wikimedia.org/wikipedia/commons/1/15/Armaan_Malik_2016.jpg,Music,2
Justin Bieber,"Justin Drew Bieber (; born March 1, 1994) is a Canadian singer, songwriter, and actor. Discovered at 13 years old by talent manager Scooter Braun after he had watched his YouTube cover song videos, Bieber was signed to RBMG Records in 2008. With Bieber's debut EP My World, released in late 2009, Bieber became the first artist to have seven songs from a debut record chart on the Billboard Hot 100.Bieber released his debut studio album My World 2.0 in 2010. Containing the hit single ""Baby"", the album debuted at number one on the US Billboard 200, making Bieber the youngest solo male act to top the chart in 47 years. Following his debut album and promotional tours, he released his 3D biopic-concert film Justin Bieber: Never Say Never, which was a box office success.",https://upload.wikimedia.org/wikipedia/commons/4/40/Justin_Bieber_in_2019_%28crop%29.jpg,Music,3
Lady Gaga,"Stefani Joanne Angelina Germanotta ( STEF-ən-ee JUR-mə-NOT-ə) (born March 28, 1986), known professionally as Lady Gaga, is an American singer, songwriter, record producer, actress, and businesswoman. She is known for reinventing herself throughout her career and for her versatility in numerous areas of the entertainment industry. Gaga began performing as a teenager, singing at open mic nights and acting in school plays. She studied at Collaborative Arts Project 21, through New York University's Tisch School of the Arts, before dropping out to pursue a music career. When Def Jam Recordings canceled her contract, she worked as a songwriter for Sony/ATV Music Publishing, where Akon helped her sign a joint deal with Interscope Records and his own label KonLive Distribution in 2007.",https://upload.wikimedia.org/wikipedia/commons/2/2c/Lady_Gaga_interview_2016.jpg,Music,4
Ariana Grande,"Ariana Grande-Butera (; born June 26, 1993) is an American singer, songwriter, and actress. A prominent figure in popular music, Grande is known for her four-octave vocal range and the use of the whistle register. Born in Boca Raton, Florida, Grande began her career in the 2008 Broadway musical 13. She rose to prominence for her role as Cat Valentine in the Nickelodeon television series Victorious (2010–2013). She signed with Republic Records in 2011 after the label's executives discovered YouTube videos of her covering songs.",https://upload.wikimedia.org/wikipedia/commons/d/dd/Ariana_Grande_Grammys_Red_Carpet_2020.png,Music,5
Edward Christopher Sheeran,"Edward Christopher Sheeran,  (; born 17 February 1991) is an English singer, songwriter, record producer, and actor. In early 2011, Sheeran independently released the extended play, No. 5 Collaborations Project. After signing with Asylum Records, his debut album, + (pronounced ""plus""), was released in September 2011 and topped the UK Albums Chart. It contained his first hit single ""The A Team"".",https://upload.wikimedia.org/wikipedia/commons/c/c1/Ed_Sheeran-6886_%28cropped%29.jpg,Music,6
Taylor Alison Swift,"Taylor Alison Swift (born December 13, 1989) is an American singer-songwriter. She is best known for her narrative songwriting that often centers around her personal life and has received widespread critical praise and media coverage. At age 14, Swift became the youngest artist signed by the Sony/ATV Music publishing house and, at age 15, she signed her first record deal. Her 2006 eponymous debut album was the longest-charting album of the 2000s on the Billboard 200. Its third single, ""Our Song"", made her the youngest person to single-handedly write and perform a number-one song on the Billboard Hot Country Songs chart.",https://upload.wikimedia.org/wikipedia/commons/b/b5/191125_Taylor_Swift_at_the_2019_American_Music_Awards_%28cropped%29.png,Music,7
Jennifer Lopez,"Jennifer Lynn Lopez (born July 24, 1969), also known by her nickname J.Lo, is an American actress, singer, dancer, fashion designer, producer, and businesswoman. In 1991, Lopez began appearing as a Fly Girl dancer on In Living Color, where she remained a regular until she decided to pursue an acting career in 1993. For her first leading role in the 1997 Selena biopic of the same name, Lopez received a Golden Globe nomination and became the first Latin actress to earn over US$1 million for a film. She went on to star in Anaconda (1997) and Out of Sight (1998), later establishing herself as the highest-paid Latin actress in Hollywood.Lopez ventured into the music industry with her debut studio album On the 6 (1999), which helped propel the Latin pop movement in American music. With the simultaneous release of her second studio album J.Lo and her romantic comedy The Wedding Planner in 2001, Lopez became the first woman to have a number-one album and film in the same week.",https://upload.wikimedia.org/wikipedia/commons/b/b4/TIFF_2019_jlo_%281_of_1%29-2_%2848696671561%29_%28cropped%29.jpg,Music,8
Katy Perry,"Katheryn Elizabeth Hudson (born October 25, 1984), known by her stage name Katy Perry, is an American singer, songwriter and television judge. After singing in church during her childhood, she pursued a career in gospel music as a teenager. Perry signed with Red Hill Records and released her debut studio album Katy Hudson under her birth name in 2001, which was commercially unsuccessful. She moved to Los Angeles the following year to venture into secular music after Red Hill ceased operations and she subsequently began working with producers Glen Ballard, Dr. Luke, and Max Martin.",https://upload.wikimedia.org/wikipedia/commons/9/92/Katy_Perry_2019_by_Glenn_Francis_%28cropped%29.jpg,Music,9
Shahid Kapoor,"Shahid Kapoor (pronounced [ʃaːɦɪd̪ kəˈpuːr]; born 25 February 1981), is an Indian actor who appears in Hindi films. Initially recognised for portraying romantic roles, he has since taken on parts in action films and thrillers, and is the recipient of several awards, including three Filmfare Awards.
The son of actors Pankaj Kapur and Neelima Azeem, Kapoor was born in New Delhi. His parents separated when he was three, and he continued living with his mother. They moved to Mumbai when he was 10, where he joined Shiamak Davar's dance academy.",https://upload.wikimedia.org/wikipedia/commons/b/bd/Shahid%2C_Alia%2C_and_Katrina_at_IIFA_2017_%28cropped%29.jpg,Movies,10
Salman Khan,"Abdul Rashid Salim Salman Khan (pronounced [səlˈmaːn ˈxaːn]; Hindi: pronunciation ; 27 December 1965) is an Indian film actor, producer, occasional singer and television personality. In a film career spanning over thirty years, Khan has received numerous awards, including two National Film Awards as a film producer, and two Filmfare Awards for acting. He is cited in the media as one of the most commercially successful actors of both world and Indian cinema. Forbes included him in their 2015 list of Top-Paid 100 Celebrity Entertainers in world; Khan tied with Amitabh Bachchan for No. 71 on the list, both with earnings of $33.5 million.",https://upload.wikimedia.org/wikipedia/commons/8/81/Salman_Khan_filmfare.jpg,Movies,11
Yash (actor),"Naveen Kumar Gowda, known by his stage name as Yash, is an Indian film actor from Kannada cinema. He is known for his roles in the movies Rajadhani, Mr. and Mrs. Ramachari, Kirataka, K.G.F: Chapter 1. His latest film K.G.F: Chapter 2 is scheduled to be released on October 23, 2020.Yash made his feature film debut with Jambada Hudugi (2007) and then  Moggina Manasu (2008), he played the male lead opposite then future wife Radhika.",https://upload.wikimedia.org/wikipedia/commons/3/3e/Yash_kgf_event.jpg,Movies,12
Amitabh Bachchan,"Amitabh Bachchan (pronounced [əmɪˈtaːbʱ ˈbətʃːən]; born Inquilaab Srivastava; 11 October 1942) is an Indian film actor, film producer, television host, occasional playback singer and former politician. He first gained popularity in the early 1970s for films such as Zanjeer, Deewaar and Sholay, and was dubbed India's ""angry young man"" for his on-screen roles in Bollywood. Referred to as the Shahenshah of Bollywood (in reference to his 1988 film Shahenshah), Sadi ka Mahanayak (Hindi for, ""Greatest actor of the century""), Star of the Millennium, or Big B, he has since appeared in over 200 Indian films in a career spanning more than five decades. Bachchan is widely regarded as one of the greatest and most influential actors in the history of Indian cinema as well as world cinema.He was the most dominant actor in the Indian movie scene during the 1970s–1980s, with the French director François Truffaut calling him a ""one-man industry"". Beyond the Indian subcontinent, he also has a large overseas following in markets including Africa (especially South Africa and Mauritius), the Middle East (especially Egypt), the United Kingdom, Russia, the Caribbean (especially Guyana, Suriname, and Trinidad and Tobago), Oceania (especially Fiji, Australia, and New Zealand) and parts of the United States.Bachchan has won numerous accolades in his career, including four National Film Awards as Best Actor, Dadasaheb Phalke Award as lifetime achievement award and many awards at international film festivals and award ceremonies.",https://upload.wikimedia.org/wikipedia/commons/c/c6/Indian_actor_Amitabh_Bachchan.jpg,Movies,13
Priyanka Chopra,"Priyanka Chopra Jonas (pronounced [prɪˈjəŋkaː ˈtʃoːpɽaː]; born 18 July 1982) is an Indian actress and singer. She was the winner of the Miss World 2000 pageant, and is one of India's highest-paid and most popular entertainers. Chopra has received numerous accolades, including a National Film Award and five Filmfare Awards. In 2016, the Government of India honoured her with the Padma Shri and Time named her one of the 100 most influential people in the world, and in the next two years Forbes listed her among the World's 100 Most Powerful Women.
Although Chopra initially aspired to study aeronautical engineering, she accepted offers to join the Indian film industry, which came as a result of her pageant wins, making her Bollywood debut in The Hero: Love Story of a Spy (2003).",https://upload.wikimedia.org/wikipedia/commons/6/6c/Priyanka-chopra-gesf-2018-7565.jpg,Movies,14
Akshay Kumar,"Rajiv Hari Om Bhatia (born 9 September 1967), known professionally as Akshay Kumar, is an India-born naturalized Canadian actor, producer, martial artist and television personality who works in Bollywood films. In a career spanning over 29 years, Kumar has appeared in over 100 films and has won several awards, including the National Film Award for Best Actor for his performance in Rustom (2016), and two Filmfare Awards for Ajnabee (2001) and Garam Masala (2005).
Kumar is one of the most successful Bollywood actors of all time, having starred in 113 films, 52 of which were commercially successful.
He was the first Bollywood actor whose films' domestic net lifetime collections crossed ₹20 billion (US$280 million) by 2013, and ₹30 billion (US$420 million) by 2016. Having done so, he has established himself as one of the prominent actors of Hindi cinema.",https://upload.wikimedia.org/wikipedia/commons/2/2e/Akshay_Kumar.jpg,Movies,15
Deepika Padukone,"Deepika Padukone (pronounced [d̪iːpɪkaː pəɖʊkoːɳeː] or [paːɖʊkoːɳ]; born 5 January 1986) is an Indian film actress and producer. One of the highest-paid actresses in India, her accolades include three Filmfare Awards. She features in listings of the nation's most popular personalities, and Time named her one of the 100 most influential people in the world in 2018.
Padukone, the daughter of the badminton player Prakash Padukone, was born in Copenhagen and raised in Bangalore. As a teenager, she played badminton in national level championships but left her career in the sport to become a fashion model.",https://upload.wikimedia.org/wikipedia/commons/b/b6/Deepika_Padukone_Cannes_2018_%28cropped%29.jpg,Movies,16
Dwayne Johnson,"Dwayne Douglas Johnson (born May 2, 1972), also known by his ring name The Rock, is an American-Canadian actor, producer, businessman, retired professional wrestler, and former American football player. He wrestled for the World Wrestling Federation (WWF, now WWE) for eight years prior to pursuing an acting career. His films have grossed over $3.5 billion in North America and over $10.5 billion worldwide, making him one of the highest-grossing actors of all time.Johnson was a college football player for the University of Miami, with whom he won a national championship in 1991. He initially aspired for a professional career in football and entered the 1995 NFL Draft, but went undrafted. As a result, he signed with the Calgary Stampeders of the Canadian Football League (CFL), but was cut from the team in the middle of his first season.",https://upload.wikimedia.org/wikipedia/commons/f/f1/Dwayne_Johnson_2%2C_2013.jpg,Movies,17
Vin diesel,"Mark Sinclair (born July 18, 1967), known professionally as Vin Diesel, is an American actor, producer, director, and screenwriter. He is best known for playing Dominic Toretto in the Fast & Furious franchise, and is one of the highest-grossing actors of all time.
Diesel began his career in 1990 but struggled to gain roles until he wrote, directed, produced, scored, and starred in the short film Multi-Facial (1995). This attracted the attention of Steven Spielberg, who was developing Saving Private Ryan (1998); Spielberg re-wrote elements of the film to allow Diesel to appear. Diesel subsequently voiced the titular character in The Iron Giant (1999) while gaining a reputation as an action star after headlining the Fast & Furious, XXX, and The Chronicles of Riddick film franchises.",https://upload.wikimedia.org/wikipedia/commons/8/83/Vin_Diesel_by_Gage_Skidmore_2.jpg,Movies,18
Angelina Jolie,"Angelina Jolie (; née Voight, formerly Jolie Pitt, born June 4, 1975) is an American actress, filmmaker, and humanitarian. The recipient of numerous accolades, including an Academy Award and three Golden Globe Awards, she has been named Hollywood's highest-paid actress multiple times.
Jolie made her screen debut as a child alongside her father, Jon Voight, in Lookin' to Get Out (1982), and her film career began in earnest a decade later with the low-budget production Cyborg 2 (1993), followed by her first leading role in a major film, Hackers (1995). She starred in the critically acclaimed biographical cable films George Wallace (1997) and Gia (1998), and won an Academy Award for Best Supporting Actress for her performance in the drama Girl, Interrupted (1999). Her starring role as the video game heroine Lara Croft in Lara Croft: Tomb Raider (2001) established her as a leading Hollywood actress.",https://upload.wikimedia.org/wikipedia/commons/a/ad/Angelina_Jolie_2_June_2014_%28cropped%29.jpg,Movies,19
Gordon Ramsay,"Gordon James Ramsay  (born 8 November 1966) is a British chef, restaurateur, writer and television personality. He was born in Johnstone, Scotland, and raised in Stratford-upon-Avon, England. His restaurants have been awarded 16 Michelin stars in total and currently hold a total of seven. His signature restaurant, Restaurant Gordon Ramsay in Chelsea, London, has held three Michelin stars since 2001. After rising to fame on the British television miniseries Boiling Point in 1998, Ramsay had become one of the best-known and most influential chefs in the UK by 2004.As a reality television personality, Ramsay is known for his bluntness, as well as occasionally fiery temper, strict demeanour, and frequent use of expletives.",https://upload.wikimedia.org/wikipedia/commons/0/02/Gordon_Ramsay_colour_Allan_Warren.jpg,Food,20
George Calombaris,"George Dimitrios Calombaris (born 4 October 1978) is an Australian chef and restaurateur. Calombaris was one of the judges of the Network 10 series MasterChef Australia from 2009 to 2019. Prior to his role on MasterChef Australia, Calombaris appeared regularly on the daytime Network Ten cooking show Ready Steady Cook. 
He owned several restaurants in Melbourne. His flagship restaurant, The Press Club, was awarded The Age Good Food Guide ""Best New Restaurant 2008"" with Calombaris named ""Chef of the Year 2008"".",https://upload.wikimedia.org/wikipedia/commons/5/55/George_Calombaris%2C_Matt_Preston_and_Gary_Mehigan_2016_TV_Week_Logie_Awards_%2826907450025%29.jpg,Food,21
Matt Preston,"Matt Preston is an English-born Australian food critic, food journalist and recipe writer. He is best known for his role as a judge on Network Ten's MasterChef Australia and his weekly national food column appears in NewsCorp's metro newspapers, with a combined reach of over 2.9 million Australians each week. It runs in Stellar magazine every Sunday and in The Adelaide Advertiser. He is also a senior editor for Delicious. and Taste magazines.",https://upload.wikimedia.org/wikipedia/commons/8/82/MasterChef_S9_Matt_Preston_%282%29.jpg,Food,22
Bobby Flay,"Robert William Flay (born December 10, 1964) is an American celebrity chef, restaurateur, and reality television personality. He is the owner and executive chef of several restaurants: Mesa Grill in Las Vegas; Bar Americain in New York and at Mohegan Sun; Bobby Flay Steak in Atlantic City; Gato in New York, and Bobby's Burger Palace in 19 locations across 11 states.Flay has hosted several Food Network television programs, appeared as a guest and hosted a number of specials on the network. Flay is also featured on the Great Chefs television series.


== Early life and education ==
Flay was born on December 10, 1964, in New York City to Bill and Dorothy Flay. He was raised on the Upper East Side neighborhood of Manhattan.",https://upload.wikimedia.org/wikipedia/commons/1/10/Bobby_Flay_Green_Bay_2007.jpg,Food,23
Gary Mehigan,"Gary Mehigan (born 12 February 1967) is an English Australian chef and restaurateur. Mehigan was one of the judges of the Network 10 series MasterChef Australia.


== Career ==


=== Chef ===

Mehigan trained at The Connaught and Le Souffle in London before moving to Melbourne in 1991. He has headed the kitchen in some of Melbourne's most prominent restaurants including Browns, Burnham Beeches Country House and Hotel Sofitel before opening the award-winning Fenix in 2000 and later selling it to the Leonda By The Yarra group in 2013. He currently co-owns The Boathouse, in Melbourne suburb Moonee Ponds.He was selected as one of the entrants to the Who's Who in Australia 2012 edition.",https://upload.wikimedia.org/wikipedia/commons/5/55/George_Calombaris%2C_Matt_Preston_and_Gary_Mehigan_2016_TV_Week_Logie_Awards_%2826907450025%29.jpg,Food,24
Vikas Khanna,"Vikas Khanna (born 14 November 1971) is an Indian Michelin star Chef, restaurateur, cookbook writer, filmmaker and humanitarian. He is one of the judges of Star Plus series MasterChef India. He is based in New York City. 


== Early life and education ==
Khanna was born in Amritsar, India to Davinder and Bindu Khanna. He was born with misaligned feet and wasn't able to run until he was 13.",https://upload.wikimedia.org/wikipedia/commons/f/f0/Doctorate_ceremony.jpg,Food,25
Sanjeev Kapoor,"Sanjeev Kapoor (born 10 April 1964) is an Indian celebrity chef, entrepreneur and television personality. Kapoor stars in the TV show Khana Khazana, which is the longest running show of its kind in Asia; it broadcasts in 120 countries and in 2010 had more than 500 million viewers. He also launched his own Food Food channel, in  January 2011. Discovery Communications through its Indian organization, has acquired a majority stake in Kapoor's channel.


== Early life ==
Kapoor was born in April 1964 in Ambala and spent his childhood in multiple north Indian cities.",https://upload.wikimedia.org/wikipedia/commons/c/c9/Sanjeev_Kapoor.JPG,Food,26
Atul Kochhar,"Atul Kochhar (born 31 August 1969) is an Indian-born, British based chef, restaurateur, and television personality. His unique talent has changed the way people perceive and experience Indian cuisine. Atul was one of the first two Indian chefs to receive a Michelin star, awarded in London in 2001 whilst at Tamarind. His contemporary style and love for traditional cooking led him to open his own restaurant Benares, which won him a second Michelin star in 2007. Since then he has opened numerous successful, award-winning restaurants; Sindhu and Hawkyns in Buckinghamshire and Indian Essence in Kent.",https://upload.wikimedia.org/wikipedia/commons/2/2d/Atul_Kochhar.jpg,Food,27
Ruth Reichl,"Ruth Reichl (; born January 16, 1948), is an American chef, food writer, co-producer of PBS's Gourmet's Diary of a Foodie, culinary editor for the Modern Library, host of PBS's Gourmet's Adventures With Ruth, and the last editor-in-chief of Gourmet magazine. She has written critically acclaimed, best-selling memoirs: Tender at the Bone: Growing Up at the Table, Comfort Me with Apples: More Adventures at the Table, Garlic and Sapphires: The Secret Life of a Critic in Disguise and Not Becoming My Mother. In 2009, she published Gourmet Today a 1,008 page cookbook containing over 1,000 recipes. She published her first novel, Delicious! in 2014, and, in 2015, published My Kitchen Year: 136 Recipes That Saved My Life, a memoir of recipes prepared in the year following the shuttering of Gourmet.",https://upload.wikimedia.org/wikipedia/commons/e/e5/Ruth_Reichl.jpg,Food,28
Jeffrey Steingarten,"Jeffrey L. Steingarten (born May 31, 1942) is a leading food writer in the United States.  He has been the food critic at Vogue magazine since 1989.


== Career ==
His 1997 book of humorous food essays, titled The Man Who Ate Everything, was awarded the 1998 Borders Award for literary food writing from the International Association of Culinary Professionals. In The Man Who Ate Everything, Steingarten successfully lived on the same level as the U.S. Department of Agriculture's Thrifty Food Plan, which is the basis for US food stamp calculations. The book has been translated into Chinese, Japanese, Korean, Dutch, German, Portuguese and Czech.",https://upload.wikimedia.org/wikipedia/commons/9/9e/Jeffrey_Steingarten_-_Ice_Cream_Sunday.jpg,Food,29
Narendra Damodardas Modi,"Narendra Damodardas Modi (Gujarati pronunciation: [ˈnəɾendrə dɑmodəɾˈdɑs ˈmodiː] (listen); born 17 September 1950) is an Indian politician serving as the 14th and current Prime Minister of India since 2014. He was the Chief Minister of Gujarat from 2001 to 2014 and is the Member of Parliament for Varanasi. Modi is a member of the Bharatiya Janata Party (BJP) and of the Rashtriya Swayamsevak Sangh (RSS), a Hindu nationalist volunteer organisation. He is the first prime minister outside of the Indian National Congress to win two consecutive terms with a full majority and the second to complete five years in office after Atal Bihari Vajpayee.Born to a Gujarati family in Vadnagar, Modi helped his father sell tea as a child and has said he later ran his own stall. He was introduced to the RSS at the age of eight, beginning a long association with the organisation.",https://upload.wikimedia.org/wikipedia/commons/d/da/Shri_Narendra_Modi.jpg,Politics,30
Rahul Gandhi,"Rahul Gandhi (pronunciation  [ˈraːɦʊl ˈɡaːnd̪ʱiː]) (born 19 June 1970) is an Indian politician who was the President of the Indian National Congress from 16 December 2017 to 3 July 2019. He hails from a long line of politicians, known as the Nehru-Gandhi family, which has occupied a prominent place in the politics of India ever since the country gained independence in 1947. His great-grandfather Jawaharlal Nehru, was the first prime minister of India and also the longest-serving Prime Minister of India having served for a total of seventeen years. Gandhi's grandmother, Indira, was the first female Prime Minister of India and his father, Rajiv, was the youngest prime minister of India to be sworn in to office. The son of Sonia and Rajiv, he is the chairperson of the Indian Youth Congress and the National Students Union of India.",https://upload.wikimedia.org/wikipedia/commons/d/d5/Rahul_Gandhi%2C_Member_of_Parliament%2C_Wayanad%2C_Kerala.jpg,Politics,31
Donald John Trump,"Donald John Trump (born June 14, 1946) is the 45th and current president of the United States. Before entering politics, he was a businessman and television personality.
Trump was born and raised in Queens, a borough of New York City, and received a bachelor's degree in economics from the Wharton School. He took charge of his family's real-estate business in 1971, renamed it The Trump Organization, and expanded its operations from Queens and Brooklyn into Manhattan. The company built or renovated skyscrapers, hotels, casinos, and golf courses.",https://upload.wikimedia.org/wikipedia/commons/5/56/Donald_Trump_official_portrait.jpg,Politics,32
Barack Hussein Obama II,"Barack Hussein Obama II ( (listen); born August 4, 1961) is an American politician and attorney who served as the 44th president of the United States from 2009 to 2017. A member of the Democratic Party, Barack Obama was the first African-American president of the United States. He previously served as a U.S. senator from Illinois from 2005 to 2008 and an Illinois state senator from 1997 to 2004.
Obama was born in Honolulu, Hawaii, making him the first president not born in the contiguous United States. After graduating from Columbia University in 1983, he worked as a community organizer in Chicago.",https://upload.wikimedia.org/wikipedia/commons/8/8d/President_Barack_Obama.jpg,Politics,33
Amit Anilchandra Shah,"Amit Anilchandra Shah (born 22 October 1964) is an Indian politician currently serving as the Minister of Home Affairs. He had served as the President of the Bharatiya Janata Party (BJP) from 2014 to 2020. He was elected to the Lower House of Parliament, the Lok Sabha, in the 2019 Indian general elections from Gandhinagar. Earlier, he had been elected as a member of the upper House of Parliament, the Rajya Sabha, from Gujarat in 2017. Sworn in at the age of 54, he is the youngest serving full-time Home Minister.",https://upload.wikimedia.org/wikipedia/commons/0/0f/Amit_shah_official_portrait.jpg,Politics,34
Hillary Diane Rodham Clinton,"Hillary Diane Rodham Clinton (née Rodham; born October 26, 1947) is an American politician, diplomat, lawyer, writer, and public speaker. She served as the 67th United States Secretary of State from 2009 to 2013, as United States senator from New York from 2001 to 2009, and as First Lady of the United States from 1993 to 2001. Clinton became the first woman to be nominated for president of the United States by a major political party when she won the Democratic Party nomination in 2016. She was the first woman to win the popular vote in an American presidential election, which she lost to Donald Trump.
Raised in the Chicago suburb of Park Ridge, Clinton graduated from Wellesley College in 1969, and earned a Juris Doctor from Yale Law School in 1973.",https://upload.wikimedia.org/wikipedia/commons/2/28/Hillary_Clinton_by_Gage_Skidmore_2.jpg,Politics,35
Arvind Kejriwal,"Arvind Kejriwal (born 16 August 1968) is an Indian politician and a former bureaucrat who is the current and 7th Chief Minister of Delhi since February 2015. He was also the Chief Minister of Delhi from December 2013 to February 2014, stepping down after 49 days of assuming power. Currently, he is the national convener of the Aam Aadmi Party, which won the  2015 Delhi Assembly elections with a historic majority, obtaining 67 out of 70 assembly seats. In 2006, Kejriwal was awarded the Ramon Magsaysay Award for Emergent Leadership in recognition of his involvement in the grassroots level movement Parivartan using right to information legislation in a campaign against  corruption. The same year, after resigning from Government service, he donated his Magsaysay award money as a corpus fund to found the Public Cause Research Foundation, a non-governmental organisation (NGO).",https://upload.wikimedia.org/wikipedia/commons/1/18/Arvind_Kejriwal_September_02%2C_2017_crop.jpg,Politics,36
Alexander Boris de Pfeffel Johnson,"Alexander Boris de Pfeffel Johnson (; born 19 June 1964) is a British politician, author, and former journalist who has served as Prime Minister of the United Kingdom and Leader of the Conservative Party since 2019. He was Foreign Secretary from 2016 to 2018 and Mayor of London from 2008 to 2016. Johnson was Member of Parliament (MP) for Henley from 2001 to 2008 and has been MP for Uxbridge and South Ruislip since 2015. Ideologically, he identifies as a one-nation conservative.
Johnson was born in New York City to upper-middle-class English parents and educated at Eton College.",https://upload.wikimedia.org/wikipedia/commons/7/76/Boris_Johnson_official_portrait_%28cropped%29.jpg,Politics,37
Yogi Adityanath,"Yogi Adityanath (born Ajay Mohan Bisht; 5 June 1972) is an Indian monk and Hindu nationalist politician serving as the 22nd and current Chief Minister of Uttar Pradesh, in office since 19 March 2017.He was appointed as the Chief Minister on 26 March 2017 after the Bharatiya Janata Party (BJP) won the 2017 State Assembly elections, in which he was a prominent campaigner. He has been the Member of Parliament from the Gorakhpur constituency, Uttar Pradesh, for five consecutive terms since 1998.Adityanath is also the Mahant or head priest of the Gorakhnath Math, a Hindu temple in Gorakhpur, a position he has held since the death of his spiritual ""father"", Mahant Avaidyanath, in September 2014. He is also the founder of Hindu Yuva Vahini, an extremist organisation. He has an image as a right-wing populist Hindutva firebrand.


== Early life and education ==
Yogi Adityanath was born as Ajay Mohan Bisht on 5 June 1972 in the village of Panchur, in Pauri Garhwal, Uttar Pradesh (now in Uttarakhand).",https://upload.wikimedia.org/wikipedia/commons/1/18/The_Uttar_Pradesh_Chief_Minister%2C_Shri_Yogi_Adityanath_meeting_the_President%2C_Shri_Ram_Nath_Kovind%2C_at_Rashtrapati_Bhavan%2C_in_New_Delhi_on_February_10%2C_2018_%28cropped%29.jpg,Politics,38
Silvana Koch-Mehrin,"Esther Silvana Koch-Mehrin (born 17 November 1970, in Wuppertal) is a German politician and former Member of the European Parliament with the Free Democratic Party of Germany. Until May 2011, she was Vice Chairwoman of the Alliance of Liberals and Democrats for Europe. She was a member of the European Parliament's Committee on Budgets. She also was a substitute member of the Committee on Budgetary Control and a member of the Delegation for relations with the Maghreb countries and the Arab Maghreb Union (including Libya). EU Representative to the Executive Board of W20, Member of the Advisory Board of the Council of Women World Leaders (CWWL), and Alumni of the Young Global Leaders Network of the World Economic Forum.",https://upload.wikimedia.org/wikipedia/commons/9/9f/14-02-05-straszburg-RalfR-009.jpg,Politics,39
Manish Malhotra,"Manish Malhotra (born 5 December 1966) is a former Indian Fashion designer turned costume designer and stylist, widely  known for his works in Bollywood, Telugu cinema, Tamil cinema, Hollywood, and television. In 1998, he ventured into modelling and runway fashion designing with his couture Reverie-Manish Malhotra. He received appreciation for his glamorous ensembles using traditional colours, craftsmanship, textures and embroideries presented at his first runway show in November 1999. In 2005, he launched his couture label Manish Malhotra which offers bridal, couture, diffusion and men's wear collections and retails at two stores in Mumbai and New Delhi. The label also retails at multi-brand boutiques across India and in Dubai.Malhotra has been reported to have been inspired by Indian craftsmanship and promotes regional handicrafts and workmanship from rural India through his association with the ‘Mijwan Welfare Society’– an NGO founded by Late Kaifi Azmi and headed by Shabana Azmi and Namrata Goyal.",https://upload.wikimedia.org/wikipedia/commons/d/d2/Manish_Malhotra_graces_the_HT_Style_Awards_2018.jpg,Fashion,40
Tom Ford,"Thomas Carlyle Ford (born August 27, 1961) is an American fashion designer and filmmaker. He launched his eponymous luxury brand in 2006, having previously served as the creative director at  Gucci and Yves Saint Laurent. Ford  directed the Academy Award-nominated films A Single Man (2009) and Nocturnal Animals (2016). He currently serves as the Chairman of the Board of the Council of Fashion Designers of America.


== Early life ==
Thomas Carlyle Ford was born on August 27, 1961, in Austin, Texas, the son of realtors Shirley Burton (née Shirley Ann Thrasher) and Thomas David Ford.",https://upload.wikimedia.org/wikipedia/commons/9/98/Tom_Ford_cropped_2009.jpg,Fashion,41
Sabyasachi Mukherjee,"Sabyasachi Mukherjee (born 23 February 1974) is an Indian fashion designer, jewellery designer and couturier from Kolkata. Since 1999, he has sold designer merchandise using the label Sabyasachi. Mukherjee is one of the Associate Designer Members of Fashion Design Council of India and the youngest board member of the National Museum of Indian Cinema. He has designed costumes for Bollywood films such as Guzaarish, Baabul, Laaga Chunari Mein Daag, Raavan, and English Vinglish.


== Biography ==


=== Early life ===
Sabyasachi Mukherjee comes from a middle class Bengali family of Kolkata.",https://upload.wikimedia.org/wikipedia/commons/a/aa/Sabyasachi_Mukherjee.jpg,Fashion,42
Ralph Lauren,"Ralph Lauren, KBE (né Lifshitz; born October 14, 1939) is an American fashion designer, philanthropist, and billionaire businessman, best known for the Ralph Lauren Corporation, a global multibillion-dollar enterprise. He has become well known for his collection of rare automobiles, some of which have been displayed in museum exhibits. Lauren stepped down as CEO of the company in September 2015 but remains executive chairman and chief creative officer. As of 2019, Forbes estimates his wealth at $6.3 billion, which makes Ralph Lauren the 102nd richest person in America.


== Early life ==
Ralph Lauren was born in The Bronx, New York City, to Ashkenazi Jewish immigrants, Frieda (Cutler) and Frank Lifshitz, an artist and house painter, from Pinsk, Belarus.",https://upload.wikimedia.org/wikipedia/commons/d/da/Ralph_Lauren_2013.jpg,Fashion,43
Betsey Johnson,"Betsey Johnson (born August 10, 1942) is an American fashion designer best known for her feminine and whimsical designs. Many of her designs are considered ""over the top"" and embellished. She also is known for doing a cartwheel ending in a split at the end of her fashion shows.


== Early life and education ==
Johnson was born in Wethersfield, Connecticut, the second of three children born to Lena and John Johnson. She has an elder sister, Sally, and a younger brother, Robert.",https://upload.wikimedia.org/wikipedia/commons/3/3f/Betsey_Johnson%2C_Red_Dress_Collection_2007.jpg,Fashion,44
Tommy Hilfiger,"Thomas Jacob Hilfiger (/hɪlˈfɪgɚ, -əʳ/; born March 24, 1951) is an American fashion designer and founder of Tommy Hilfiger Corporation.After starting his career by co-founding a chain of jeans/fashion stores called People's Place in upstate New York in the 1970s, he began designing preppy clothing for his own eponymous menswear line in the 1980s. The company later expanded into women's clothing and various luxury items such as perfumes and went public in 1992.Hilfiger's collections are often influenced by the fashion of music subcultures and marketed in connection with the music industry, with celebrities such as American R&B artist Aaliyah in the 1990s. In 2005, contestants in the CBS reality show The Cut competed for a design job with Hilfiger in a similar fashion to The Apprentice. In 2006, Hilfiger sold his company for $1.6 billion to Apax Partners, who next sold it in 2010 to Phillips-Van Heusen for $3 billion. He remains the company's principal designer, leading the design teams and overseeing the entire creative process.",https://upload.wikimedia.org/wikipedia/commons/0/07/Tommy_Hilfiger_portrait_2009_-_Tommy_Hilfiger_%28cropped%29.jpg,Fashion,45
Victoria Caroline Beckham,"Victoria Caroline Beckham  (née Adams; born 17 April 1974) is an English fashion designer and former singer. She rose to prominence in the 1990s as a member of the girl group the Spice Girls, in which she was nicknamed Posh Spice. With over 85 million records sold worldwide, the group became the best-selling female group of all time. After the Spice Girls split in 2001, Beckham was signed to Virgin Records, in which she released her self-titled debut solo album, which respectively produced four UK Top 10 singles including ""Out of Your Mind"".
Beckham has starred in five official documentaries and reality shows, including Victoria's Secrets (2000), Being Victoria Beckham (2002), The Real Beckhams (2003), Victoria Beckham - A Mile In Their Shoes (2004), and Victoria Beckham: Coming to America (2007), She has since made a cameo appearance in an episode of Ugly Betty (2007), and been a guest judge on Project Runway (2008), Germany's Next Topmodel (2009), and American Idol (2010).",https://upload.wikimedia.org/wikipedia/commons/e/e8/Victoria_Beckham_2010.jpg,Fashion,46
Marc Jacobs,"Marc Jacobs (born April 9, 1963) is an American fashion designer. He is the head designer for his own fashion label, Marc Jacobs, and formerly Marc by Marc Jacobs, a diffusion line, which was produced for approximately 15 years having been discontinued after the 2015 fall/winter collection. At one point there were over 200 retail stores in 80 countries.  He was the creative director of the French design house Louis Vuitton from 1997 to 2014. Jacobs was on Time magazine's ""2010 Time 100"" list of the 100 most influential people in the world, and was #14 on Out magazine's 2012 list of ""50 Most Powerful Gay Men and Women in America"".",https://upload.wikimedia.org/wikipedia/commons/7/7b/Marc_Jacobs_SXSW_2017_%28cropped%29.jpg,Fashion,47
Pierre Cardin,"Pierre Cardin (UK: , US: , French: [pjɛʁ kaʁdɛ̃]; born Pietro Cardin on 2 July 1922) is an Italian-born naturalised-French fashion designer. He is known for his avant-garde style and his Space Age designs. He prefers geometric shapes and motifs, often ignoring the female form. He advanced into unisex fashions, sometimes experimental, and not always practical. He founded his fashion house in 1950 and introduced the ""bubble dress"" in 1954.",https://upload.wikimedia.org/wikipedia/commons/9/9a/Pierre_Cardin_2010.jpg,Fashion,48
Sabyasachi Mukherjee,"Sabyasachi Mukherjee (born 23 February 1974) is an Indian fashion designer, jewellery designer and couturier from Kolkata. Since 1999, he has sold designer merchandise using the label Sabyasachi. Mukherjee is one of the Associate Designer Members of Fashion Design Council of India and the youngest board member of the National Museum of Indian Cinema. He has designed costumes for Bollywood films such as Guzaarish, Baabul, Laaga Chunari Mein Daag, Raavan, and English Vinglish.


== Biography ==


=== Early life ===
Sabyasachi Mukherjee comes from a middle class Bengali family of Kolkata.",https://upload.wikimedia.org/wikipedia/commons/a/aa/Sabyasachi_Mukherjee.jpg,Fashion,49
Cristiano Ronaldo,"Cristiano Ronaldo dos Santos Aveiro GOIH ComM (European Portuguese: [kɾiʃˈtjɐnu ʁɔˈnaɫdu]; born 5 February 1985) is a Portuguese professional footballer who plays as a forward for Serie A club Juventus and captains the Portugal national team. Often considered the best player in the world and  widely regarded as one of the greatest players of all time, Ronaldo has won five Ballons d'Or and four European Golden Shoes, both of which are records for a European player. He has won 29 major trophies in his career, including six league titles, five UEFA Champions Leagues, one UEFA European Championship, and one UEFA Nations League title. A prolific goalscorer, Ronaldo holds the records for the most goals scored in the UEFA Champions League (128) and for the most hat-tricks in recorded history (56). He is one of the few recorded players to have made over 1,000 professional career appearances and has scored over 700 senior career goals for club and country.Born and raised in Madeira, Ronaldo began his senior club career playing for Sporting CP, before signing with Manchester United in 2003, aged 18.",https://upload.wikimedia.org/wikipedia/commons/8/8c/Cristiano_Ronaldo_2018.jpg,Sports,50
Sachin Tendulkar,"Sachin Ramesh Tendulkar ( (listen); born 24 April 1973) is a former international cricketer from India and a former captain of the Indian national team. He is widely regarded as one of the greatest batsmen in the history of cricket. He is the highest run scorer of all time in International cricket. Considered as the world's most prolific batsman of all time, he is the only player to have scored one hundred international centuries, the first batsman to score a double century in a One Day International (ODI), the holder of the record for the most runs in both Test and ODI cricket, and the only player to complete more than 30,000 runs in international cricket.Tendulkar took up cricket at the age of eleven, made his Test debut on 15 November 1989 against Pakistan in Karachi at the age of sixteen, and went on to represent Mumbai domestically and India internationally for close to twenty-four years. In 2002, halfway through his career, Wisden Cricketers' Almanack ranked him the second greatest Test batsman of all time, behind Don Bradman, and the second greatest ODI batsman of all time, behind Viv Richards.",https://upload.wikimedia.org/wikipedia/commons/3/3e/The_cricket_legend_Sachin_Tendulkar_at_the_Oval_Maidan_in_Mumbai_During_the_Duke_and_Duchess_of_Cambridge_Visit%2826271019082%29.jpg,Sports,51
Mahendra Singh Dhoni,"Mahendra Singh Dhoni (pronunciation  born 7 July 1981), is an Indian international cricketer who captained the Indian national team in limited-overs formats from 2007 to 2016 and in Test cricket from 2008 to 2014. He is the only captain in the history of Cricket to win all ICC trophies. Under his captaincy, India won the 2007 ICC World Twenty20, the 2010 and 2016 Asia Cups, the 2011 ICC Cricket World Cup and the 2013 ICC Champions Trophy. A right-handed middle-order batsman and wicket-keeper, Dhoni is one of the highest run scorers in One Day Internationals (ODIs) with more than 10,000 runs scored and is considered an effective ""finisher"" in limited-overs formats. He is also regarded by some as one of the best wicket-keepers and captains in modern limited-overs international cricket.He made his ODI debut in December 2004 against Bangladesh, and played his first Test a year later against Sri Lanka.",https://upload.wikimedia.org/wikipedia/commons/4/47/MS_Dhoni_wallpaper.jpg,Sports,52
Virat Kohli,"Virat Kohli (pronunciation ; born 5 November 1988) is an Indian cricketer who currently captains the India national team. A right-handed top-order batsman, Kohli is regarded as one of the best batsmen in the world. He plays for Royal Challengers Bangalore in the Indian Premier League (IPL), and has been the team's captain since 2013. Since October 2017, he has been the top-ranked ODI batsman in the world and is currently 2nd in Test rankings with 886 points. Among Indian batsmen, Kohli has the best ever Test rating (937 points), ODI rating (911 points) and T20I rating (897 points).",https://upload.wikimedia.org/wikipedia/commons/7/7c/The_President%2C_Shri_Pranab_Mukherjee_presenting_the_Padma_Shri_Award_to_Shri_Virat_Kohli%2C_at_a_Civil_Investiture_Ceremony%2C_at_Rashtrapati_Bhavan%2C_in_New_Delhi_on_March_30%2C_2017_%28cropped%29.jpg,Sports,53
P. V. Sindhu,"Pusarla Venkata Sindhu (born 5 July 1995) is an Indian professional badminton player. Having made her international debut in 2009, she rose to a career high ranking of no. 2 in April 2017. Over the course of her career, Pusarla has won medals at multiple tournaments including Olympics and on the BWF circuit including a gold at the 2019 World Championships. She is the first Indian to become the Badminton World Champion.",https://upload.wikimedia.org/wikipedia/commons/7/73/PV_Sindhu_headshot.jpg,Sports,54
Lionel Messi,"Lionel Andrés Messi Cuccittini (Spanish pronunciation: [ljoˈnel anˈdɾez ˈmesi] (listen); born 24 June 1987) is an Argentine professional footballer who plays as a forward and captains both Spanish club Barcelona and the Argentina national team. Often considered the best player in the world and widely regarded as one of the greatest players of all time, Messi has won a record six Ballon d'Or awards, and a record six European Golden Shoes. He has spent his entire professional career with Barcelona, where he has won a club-record 34 trophies, including ten La Liga titles, four UEFA Champions League titles and six Copas del Rey. A prolific goalscorer and a creative playmaker, Messi holds the records for most goals in La Liga (440), a La Liga and European league season (50), most hat-tricks in La Liga (36) and the UEFA Champions League (8), and most assists in La Liga (183) and the Copa América (12). He has scored over 700 senior career goals for club and country.",https://upload.wikimedia.org/wikipedia/commons/c/c1/Lionel_Messi_20180626.jpg,Sports,55
Saina Nehwal,"Saina Nehwal (pronunciation  , born 17 March 1990) is an Indian professional badminton singles player. A former world no. 1, she has won over 24 international titles, which includes eleven Superseries titles. Although she reached the world's 2nd in the 2009, it was only in 2015 that she was able to attain the world no. 1 ranking, thereby becoming the only female player from India and overall the second Indian player – after Prakash Padukone – to achieve this feat.",https://upload.wikimedia.org/wikipedia/commons/7/70/Saina_Nehwal_in_2011.jpg,Sports,56
Usain Bolt,"Usain St Leo Bolt,  (; born 21 August 1986) is a Jamaican former sprinter and widely considered to be the greatest sprinter of all time. He is a world record holder in the 100 metres, 200 metres and 4 × 100 metres relay. 
An eight-time Olympic gold medallist, Bolt is the only sprinter to win Olympic 100 m and 200 m titles at three consecutive Olympics (2008, 2012 and 2016). He also won two 4 × 100 relay gold medals. He gained worldwide fame for his double sprint victory in world record times at the 2008 Beijing Olympics, which made him the first person to hold both records since fully automatic time became mandatory.",https://upload.wikimedia.org/wikipedia/commons/e/ef/Bolt_se_aposenta_com_medalha_de_ouro_no_4_x_100_metros_1039118-19.08.2016_frz-9565_%28cropped%29.jpg,Sports,57
Sania Mirza,"Sania Mirza (Hindustani pronunciation: [ˈsaːnɪaː  ˈmɪrzaː]; born 15 November 1986) is an Indian professional tennis player. A former world No. 1, she has won six Grand Slam titles in her career. From 2003 until her retirement from singles in 2013, she was ranked by the Women's Tennis Association as India's No. 1 player.",https://upload.wikimedia.org/wikipedia/commons/8/8e/Sania_Mirza_%2835449409862%29.jpg,Sports,58
LeBron Raymone James,"LeBron Raymone James Sr. (; born December 30, 1984) is an American professional basketball player for the Los Angeles Lakers of the National Basketball Association (NBA). He is widely considered to be one of the greatest basketball players in NBA history. Discussions ranking him as the greatest basketball player of all time have often been subject to significant debate, with frequent comparisons to Michael Jordan. James's teams have played in eight consecutive NBA Finals (2011–2018 seasons) between the Miami Heat and Cleveland Cavaliers.",https://upload.wikimedia.org/wikipedia/commons/2/25/Lebron_wizards_2017_%28cropped%29.jpg,Sports,59
K. Radhakrishnan,"Koppillil Radhakrishnan (born 29 August 1949) is an Indian space scientist who headed the Indian Space Research Organisation (ISRO) between November 2009 and December 2014 as Chairman of Space Commission, Secretary of the Department of Space and Chairman of ISRO. Prior to this, he was the Director of Vikram Sarabhai Space Centre (2007-2009) and Director of National Remote Sensing Agency (2005-2008) of the Department of Space. He had a brief stint of five years (2000-2005) in the Ministry of Earth Sciences as Director of Indian National Centre for Ocean Information Services (INCOIS).Presently, he is the Chairperson of the Board of Governors of Indian Institute of Technology (IIT), Kanpur and Chairman of the Standing Committee of the IIT Council besides being Honorary Distinguished Advisor in the Department of Space/ISRO.He is a Fellow of the Indian National Academy of Engineering; Fellow of the National Academy of Sciences, India; Honorary Life Fellow of the Institution of Engineers, India; Honorary Fellow of the Institution of Electronics and Telecommunication Engineers, India; Member of the International Academy of Astronautics; Fellow of the Andhra Pradesh Academy of Sciences; Honorary Fellow of the Kerala Academy of Sciences; Fellow of the Indian Society of Remote Sensing; and Fellow of the Indian Geophysical Union. He is an accomplished vocalist (Carnatic music) and Kathakali artist.Penguin Random House India published his autobiography My Odyssey: Memoirs of the Man Behind the Mangalyaan Mission (ISBN 978-0-670-08906-2), co-authored by Radhakrishnan and Nilanjan Routh, in November 2016.


== Education and Personal Life ==
Koppillil Radhakrishnan hails from Irinjalakuda in Thrissur district, Kerala. After his schooling at the National High School, Irinjalakuda, he did two-year Pre-degree studies (Mathematics, Physics, Chemistry) at Christ College, Irinjalakuda.",https://upload.wikimedia.org/wikipedia/commons/b/bc/K-Radhakrishnan-2014.jpg,Space,60
Neil deGrasse Tyson,"Neil deGrasse Tyson (; born October 5, 1958) is an American astrophysicist, cosmologist, planetary scientist, author, and science communicator. 
Since 1996, he has been the Frederick P. Rose Director of the Hayden Planetarium at the Rose Center for Earth and Space in New York City. The center is part of the American Museum of Natural History, where Tyson founded the Department of Astrophysics in 1997 and has been a research associate in the department since 2003.
Tyson studied at Harvard University, the University of Texas at Austin, and Columbia University. From 1991 to 1994, he was a postdoctoral research associate at Princeton University.",https://upload.wikimedia.org/wikipedia/commons/8/82/Neil_deGrasse_Tyson_in_June_2017_%28cropped%29.jpg,Space,61
William Sanford Nye,"William Sanford Nye (born November 27, 1955), popularly known as Bill Nye the Science Guy, is an American science communicator, television presenter, and mechanical engineer. He is best known as the host of the PBS and syndicated children's science show Bill Nye the Science Guy (1993–1998), the Netflix show Bill Nye Saves the World (2017–2018), and for his many subsequent appearances in popular media as a science educator.
Born in Washington, D.C., Nye began his career as a mechanical engineer for Boeing Corporation in Seattle, where he invented a hydraulic resonance suppressor tube used on 747 airplanes. In 1986, Nye left Boeing to pursue comedy, writing and performing jokes and bits for the local sketch television show Almost Live!, where he regularly conducted wacky science experiments. Nye aspired to become the next Mr.",https://upload.wikimedia.org/wikipedia/commons/c/cd/Bill_Nye_2017.jpg,Space,62
NASA,"The National Aeronautics and Space Administration (NASA; ) is an independent agency of the United States Federal Government responsible for the civilian space program, as well as aeronautics and space research.NASA was established in 1958, succeeding the National Advisory Committee for Aeronautics (NACA). The new agency was to have a distinctly civilian orientation, encouraging peaceful applications in space science. Since its establishment, most US space exploration efforts have been led by NASA, including the Apollo Moon landing missions, the Skylab space station, and later the Space Shuttle. NASA is supporting the International Space Station and is overseeing the development of the Orion Multi-Purpose Crew Vehicle, the Space Launch System, and Commercial Crew vehicles. The agency is also responsible for the Launch Services Program, which provides oversight of launch operations and countdown management for uncrewed NASA launches.",https://upload.wikimedia.org/wikipedia/commons/a/ae/NASA_seal.svg,Space,63
ISRO,"The Indian Space Research Organisation (ISRO, ) (Hindi; IAST: bhārtīya antrikṣ anusandhān saṅgṭhan) is the space agency of the Government of India and has its headquarters in the city of Bengaluru. Its vision is to ""harness space technology for national development while pursuing space science research & planetary exploration"". The Indian National Committee for Space Research (INCOSPAR) was established by Jawaharlal Nehru under the Department of Atomic Energy (DAE) in 1962, with the urging of scientist Vikram Sarabhai recognizing the need in space research. INCOSPAR grew and became ISRO in 1969, also under the DAE. In 1972, the Government of India had set up a Space Commission and the Department of Space (DOS), bringing ISRO under the DOS. The establishment of ISRO thus institutionalized space research activities in India. It is managed by the DOS, which reports to the Prime Minister of India.ISRO built India's first satellite, Aryabhata, which was launched by the Soviet Union on 19 April 1975.",https://upload.wikimedia.org/wikipedia/commons/b/bd/Indian_Space_Research_Organisation_Logo.svg,Space,64
Alex Filippenko,"Alexei Vladimir ""Alex"" Filippenko (; born July 25, 1958) is an American astrophysicist and professor of astronomy at the University of California, Berkeley. Filippenko graduated from Dos Pueblos High School in Goleta, California. He received a Bachelor of Arts in physics from the University of California, Santa Barbara in 1979 and a Ph.D. in astronomy from the California Institute of Technology in 1984, where he was a Hertz Foundation Fellow. He was a Miller Fellow at UC Berkeley and was subsequently appointed to a faculty position at the same institution. He was later named a Miller Research Professor for Spring 1996 and Spring 2005.",https://upload.wikimedia.org/wikipedia/commons/7/73/Alexei_Filippenko.jpg,Space,65
Josh A. Cassada,"Josh Aaron Cassada (born July 18, 1973; CDR, USN; Ph.D) is an American physicist, test pilot, and NASA astronaut. Prior to his selection to join NASA in 2013, Cassada served as a test pilot in the US Navy, and has over 3,500 hours in more than 40 aircraft, and 23 combat missions.  In August 2018, Cassada was selected for CTS-1, the first operational mission of the Boeing CST-100 Starliner.


== Early life and education ==
Josh Aaron Cassada  was born on July 18, 1973 in San Diego, California, and raised in White Bear Lake, Minnesota. Cassada graduated from Albion College in 1995 with a Bachelor of Arts in Physics.",https://upload.wikimedia.org/wikipedia/commons/7/7a/Josh_A._Cassada_in_2018.jpg,Space,66
Sunita Williams,"Sunita Lyn Williams (née Pandya; born September 19, 1965) is an American astronaut and United States Navy officer who formerly held the records for most spacewalks by a woman (seven) and most spacewalk time for a woman (50 hours, 40 minutes). Williams was assigned to the International Space Station as a member of Expedition 14 and Expedition 15. In 2012, she served as a flight engineer on Expedition 32 and then commander of Expedition 33.


== Early life and education ==
Sunita Williams was born in Euclid, Ohio, to Indian American neuroanatomist Deepak Pandya and Slovene American Ursuline Bonnie (Zalokar) Pandya, who reside in Falmouth, Massachusetts. She is the youngest of three children.",https://upload.wikimedia.org/wikipedia/commons/4/4e/Sunita_Williams_in_2018.jpg,Space,67
SpaceX,"Space is the boundless three-dimensional extent in which objects and events have relative position and direction. Physical space is often conceived in three linear dimensions, although modern physicists usually consider it, with time, to be part of a boundless four-dimensional continuum known as spacetime. The concept of space is considered to be of fundamental importance to an understanding of the physical universe. However, disagreement continues between philosophers over whether it is itself an entity, a relationship between entities, or part of a conceptual framework.
Debates concerning the nature, essence and the mode of existence of space date back to antiquity; namely, to treatises like the Timaeus of Plato, or Socrates in his reflections on what the Greeks called khôra (i.e.",https://upload.wikimedia.org/wikipedia/commons/e/ee/Iridium-4_Mission_%2825557986177%29.jpg,Space,68
Jim Bridenstine,"James Frederick Bridenstine (born June 15, 1975) is an American politician and the Administrator of the National Aeronautics and Space Administration (NASA). Bridenstine was the United States Representative for Oklahoma's 1st congressional district, based in Tulsa from January 3, 2013 to April 23, 2018. He is a member of the Republican Party.
On September 1, 2017, President Donald Trump nominated Bridenstine to be the Administrator of NASA; he was confirmed by the U.S. Senate on April 19, 2018, by a party-line vote of 50–49. Bridenstine was on the Committee on Science, Space and Technology during his time in Congress.",https://upload.wikimedia.org/wikipedia/commons/6/68/NASA_Administrator_Jim_Bridenstine_Official_Portrait_%28NHQ201907240001%29.jpg,Space,69
Warren Buffett,"Warren Edward Buffett (; born August 30, 1930) is an American investor, business tycoon, and philanthropist, who is the chairman and CEO of Berkshire Hathaway. He is considered one of the most successful investors in the world and has a net worth of US$88.9 billion as of December 2019, making him the fourth-wealthiest person in the world.Buffett was born in Omaha, Nebraska. He developed an interest in business and investing in his youth, eventually entering the Wharton School of the University of Pennsylvania in 1947 before transferring and graduating from the University of Nebraska at the age of 19. He went on to graduate from Columbia Business School, where he molded his investment philosophy around the concept of value investing that was pioneered by Benjamin Graham. He attended New York Institute of Finance to focus his economics background and soon after began various business partnerships, including one with Graham.",https://upload.wikimedia.org/wikipedia/commons/5/51/Warren_Buffett_KU_Visit.jpg,Business,70
Gautam Adani,"Gautam Shantilal Adani (born 24 June 1962) is an Indian billionaire industrialist who is the chairman and founder of the Adani Group -- an Ahmedabad-based multinational conglomerate involved in port development and operations in India. Adani is the president of the Adani Foundation, which is primarily led by his wife, Priti Adani.
He founded the Adani Group in 1988 and diversified his business into resources, logistics, energy, agriculture, defence and aerospace, amongst others.According to Forbes, his net worth is estimated to be around $15.7 billion as of October 2019. He has a 66% stake in Adani Ports & SEZ Limited, 75% stake in Adani Enterprises, 73% stake in Adani Power, 75% stake in Adani Transmission. In 2019, he was ranked as the 3rd most powerful person in India by India Today.",https://upload.wikimedia.org/wikipedia/commons/f/ff/Gautam_Adani.jpg,Business,71
Larry Ellison,"Lawrence Joseph Ellison (born August 17, 1944) is an American business magnate, investor, and philanthropist who is a co-founder and the executive chairman and chief technology officer (CTO) of Oracle Corporation. As of October 2019, he was listed by Forbes magazine as the fourth-wealthiest person in the United States and as the sixth-wealthiest in the world, with a fortune of $69.1 billion, increased from $54.5 billion in 2018.


== Early life and education ==
Larry Ellison was born in New York City, to an unwed Jewish mother. His biological father was an Italian American United States Army Air Corps pilot. After Ellison contracted pneumonia at the age of nine months, his mother gave him to her aunt and uncle for adoption.",https://upload.wikimedia.org/wikipedia/commons/0/00/Larry_Ellison_picture.png,Business,72
Charles Koch,"Charles de Ganahl Koch (; born November 1, 1935) is an American businessman and philanthropist. As of March 2019, he was ranked as the 11th-richest person in the world, with an estimated net worth of $50.5 billion. Koch has been co-owner, chairman, and chief executive officer of Koch Industries since 1967, while his late brother David Koch served as executive vice president. Charles and David each owned 42% of the conglomerate. The brothers inherited the business from their father, Fred C. Koch, then expanded the business.",https://upload.wikimedia.org/wikipedia/commons/8/87/Conservatism_in_the_United_States_Collage_3.jpg,Business,73
Michael Bloomberg,"Michael Rubens  Bloomberg (born February 14, 1942) is an American businessman, politician, philanthropist, and author. He is the majority owner and co-founder of Bloomberg L.P.. He was the mayor of New York City from 2002 to 2013, and was a candidate in the 2020 Democratic presidential primaries.
Bloomberg grew up in Medford, Massachusetts and graduated from Johns Hopkins University and Harvard Business School. He began his career at the securities brokerage Salomon Brothers before forming his own company in 1981.",https://upload.wikimedia.org/wikipedia/commons/e/e2/Mike_Bloomberg_Headshot.jpg,Business,74
Anand Mahindra,"Anand Gopal Mahindra (born 1 May 1955) is an Indian billionaire businessman, and the chairman of Mahindra Group, a Mumbai-based business conglomerate. The group operates in aerospace, agribusiness, aftermarket, automotive, components, construction equipment, defence, energy, farm equipment, finance and insurance, industrial equipment, information technology, leisure and hospitality, logistics, real estate and retail. Mahindra is the grandson of Jagdish Chandra Mahindra, co-founder of Mahindra & Mahindra.
As of January 2020, his net worth is estimated to be $1.6 billion. He is an alumnus of Harvard University and Harvard Business School.",https://upload.wikimedia.org/wikipedia/commons/7/7c/Anand_Mahindra_%281%29.jpg,Business,75
Masayoshi Son,"Masayoshi Son (Japanese: 孫正義, Son Masayoshi, Korean: 손정의; RR: Son Jeong-ui, born 11 August 1957) is a Korean-Japanese billionaire technology entrepreneur, investor, and philanthropist. He is the founder and chief executive officer (CEO) of the Japanese holding company SoftBank, CEO of SoftBank Mobile and chairman of UK-based Arm Holdings. He is well known for his $20 million early stake into Alibaba in 1999.
According to Forbes magazine, Son's estimated net worth is US$23 billion, and he is the second richest man in Japan, despite having the distinction of losing the most money in history (approximately $70bn during the dot com crash of 2000).Son was ranked at number 43 on the Forbes list of The World's Billionaires 2019, with a net worth of $22.9 billion, and was named the world's 45th most powerful person by Forbes Magazine's List of The World's Most Powerful People in 2013.


== Early life and education ==
Masayoshi Son was born in Tosu, (鳥栖市, Tosu-shi) a city in the eastern part of Saga Prefecture on the island of Kyushu, Japan.Son is a 3rd generation ""Zainichi Korean"", which are Japanese people of Korean descent.At age 16, Son moved from Japan to California and finished high school in three weeks by taking the required exams at Serramonte High while staying with friends and family in South San Francisco.",https://upload.wikimedia.org/wikipedia/commons/a/a8/Masayoshi_Son_%28%E5%AD%AB%E6%AD%A3%E7%BE%A9%29_on_July_11%2C_2008.jpg,Business,76
Jorge Paulo Lemann,"Jorge Paulo Lemann (born August 26, 1939) is a Brazilian billionaire investment banker, and businessman with dual Brazilian and Swiss citizenship.  As of October 2019, Lemann was ranked 37th richest in the world by Forbes, with an estimated net worth of US$24.6 billion.


== Early life ==
In 1939, Lemann was born in Rio de Janeiro to Paul Lemann, a Swiss immigrant who founded the dairy manufacturer, Leco, and Anna Yvette Truebner, a Brazilian of Swiss origin. Lemann attended the American School of Rio de Janeiro.His father died in a bus accident in 1953, when Lemann was 14.In 1961, he received a bachelor's degree in economics from Harvard University. According to Lemann's own admission, he did not enjoy his time at Harvard, stating that ""My first year at Harvard was horrible.",https://upload.wikimedia.org/wikipedia/commons/7/7e/Jorge_Paulo_Lemann_em_fevereiro_de_2012.png,Business,77
Martha Stewart,"Martha Helen Stewart (née Kostyra; Polish pronunciation: [kɔ'stɨra]; born August 3, 1941) is an American retail businesswoman, writer, television personality, and former model. As founder of Martha Stewart Living Omnimedia, she gained success through a variety of business ventures, encompassing publishing, broadcasting, merchandising and e-commerce. She has written numerous bestselling books, is the publisher of Martha Stewart Living magazine and hosted two syndicated television programs: Martha Stewart Living, which ran from 1993 to 2004, and Martha, which ran from 2005 to 2012.
In 2004, Stewart was convicted of charges related to the ImClone stock trading case. There was speculation that the incident would effectively end her media empire, but in 2005 Stewart began a comeback campaign and her company returned to profitability in 2006.",https://upload.wikimedia.org/wikipedia/commons/b/b8/Martha_Stewart_by_Gage_Skidmore.jpg,Business,78
John Fredriksen,"John Fredriksen (born 10 May 1944) is a Norwegian-born Cypriot oil tanker and shipping billionaire businessman, who owns the world's largest oil tanker fleet. He has major interests in the offshore driller Seadrill, the fish farming company Mowi, the dry bulk company Golden Ocean Group, and the supply vessel company Deep Sea Supply. Through his investment companies Hemen Holdings and Meisha, Fredriksen controls the companies Frontline and Golar LNG. In 2010–2011, Frontline owned 9.6 percent of another large tanker company, Overseas Shipholding Group. North Atlantic Drilling, Sevan Drilling, and Asia Offshore Drilling are partly owned by Seadrill.Born in Oslo, Norway, Fredriksen is a Cypriot citizen who resides in London. Before abandoning his Norwegian citizenship, he was Norway's richest man.",https://upload.wikimedia.org/wikipedia/commons/7/70/Stelios_meeting1989.jpg,Business,79
Stephen King,"Stephen Edwin King (born September 21, 1947) is an American author of horror, supernatural fiction, suspense, crime, science-fiction, and fantasy novels. His books have sold more than 350 million copies, and many have been adapted into films, television series, miniseries, and comic books. He has published 61 novels, including seven under the pen name Richard Bachman, and six non-fiction books. He has written approximately 200 short stories, most of which have been published in book collections.King has received Bram Stoker Awards, World Fantasy Awards, and British Fantasy Society Awards. In 2003, the National Book Foundation awarded him the Medal for Distinguished Contribution to American Letters.",https://upload.wikimedia.org/wikipedia/commons/e/e3/Stephen_King%2C_Comicon.jpg,Books,80
Margaret Atwood,"Margaret Eleanor Atwood  (born November 18, 1939) is a Canadian poet, novelist, literary critic, essayist, inventor, teacher, and environmental activist. Since 1961, she has published 18 books of poetry, 18 novels, 11 books of non-fiction, nine collections of short fiction, eight children's books, and two graphic novels, as well as a number of small press editions of both poetry and fiction. Atwood has won numerous awards and honors for her writing, including the Booker Prize (twice), Arthur C. Clarke Award, Governor General's Award, Franz Kafka Prize, and the National Book Critics and PEN Center USA Lifetime Achievement Awards. A number of her works have been adapted for film and television, increasing her exposure.
Atwood's works encompass a variety of themes including gender and identity, religion and myth, the power of language, climate change, and ""power politics"".",https://upload.wikimedia.org/wikipedia/commons/7/75/Margaret_Atwood_2015.jpg,Books,81
James Patterson,"James Brendan Patterson (born March 22, 1947) is an American author and philanthropist. Among his works are the Alex Cross, Michael Bennett, Women's Murder Club, Maximum Ride, Daniel X, NYPD Red, Witch and Wizard, and Private series, as well as many stand-alone thrillers, non-fiction and romance novels. His books have sold more than 300 million copies and he was the first person to sell 1 million e-books. In 2016, Patterson topped Forbes's list of highest-paid authors for the third consecutive year, with an income of $95 million. His total income over a decade is estimated at $700 million.In November 2015, Patterson received the Literarian Award from the National Book Foundation, which cited him as a ""passionate campaigner to make books and reading a national priority.",https://upload.wikimedia.org/wikipedia/commons/1/1d/James_Patterson.jpg,Books,82
Salman Rushdie,"Sir Ahmed Salman Rushdie  (born 19 June 1947) is a British Indian novelist and essayist. His second novel, Midnight's Children (1981), won the Booker Prize in 1981 and was deemed to be ""the best novel of all winners"" on two separate occasions, marking the 25th and the 40th anniversary of the prize. Much of his fiction is set on the Indian subcontinent. He combines magical realism with historical fiction; his work is concerned with the many connections, disruptions, and migrations between Eastern and Western civilizations.
His fourth novel, The Satanic Verses (1988), was the subject of a major controversy, provoking protests from Muslims in several countries.",https://upload.wikimedia.org/wikipedia/commons/3/3c/Hayfestival-2016-Salman-Rushdie-1-cu.jpg,Books,83
Chetan Bhagat,"Chetan Prakash Bhagat (born 22 April 1974) is a well known Indian author, columnist, Bollywood screenwriter, social media influencer and motivational speaker. He was included in Time magazine's list of World's 100 Most Influential People in 2010.Bhagat holds degrees in Mechanical engineering and MBA from prestigious Indian institutions like IIT & IIM respectively. He started his career as an investment banker, but left it after a few years to pursue his passion in writing. He has written eight novels and three non-fiction books. Right from the time his first best-selling novel Five Point Someone was published in 2004, his subsequent novels have found a place on bestsellers lists.",https://upload.wikimedia.org/wikipedia/commons/b/b1/Chetan_Bhagat.jpg,Books,84
Amitav Ghosh,"Amitav Ghosh (born 11 July 1956) is an Indian writer and the winner of the 54th Jnanpith award, best known for his work in English fiction.


== Life ==
Amitav Ghosh was born in Calcutta on 11 July 1956 and was educated at the all-boys boarding school The Doon School in Dehradun. He grew up in India, Bangladesh and Sri Lanka. His contemporaries at Doon included author Vikram Seth and historian Ram Guha.While at school, he regularly contributed fiction and poetry to The Doon School Weekly (then edited by Seth) and founded the magazine History Times along with Guha.After Doon, he received degrees from St. Stephen's College, Delhi University, and Delhi School of Economics.",https://upload.wikimedia.org/wikipedia/commons/c/c0/Amitav_Ghosh_by_Gage_Skidmore.jpg,Books,85
Chitra Banerjee Divakaruni,"Chitra Banerjee Divakaruni (born Chitralekha Banerjee, July 29, 1956) is an Indian-American author, poet, and the Betty and Gene McDavid Professor of Writing at the University of Houston Creative Writing Program.
Her short story collection, Arranged Marriage won an American Book Award in 1996, and two of her novels (The Mistress of Spices and Sister of My Heart) as well as a short story The Word Love were adapted into films. Mistress of Spices was short-listed for the Orange Prize. Currently, Sister of My Heart, Oleander Girl, Palace of Illusions, and One Amazing Thing have all been optioned to be made into movies or TV serials.
Divakaruni's works are largely set in India and the United States, and often focus on the experiences of South Asian immigrants.",https://upload.wikimedia.org/wikipedia/commons/8/89/ChitraBanerjeeDivakaruni.JPG,Books,86
Dan Brown,"Daniel Gerhard Brown (born June 22, 1964) is an American author best known for his thriller novels, including the Robert Langdon novels Angels & Demons (2000), The Da Vinci Code (2003), The Lost Symbol (2009), Inferno (2013) and Origin (2017). His novels are treasure hunts that usually take place over a period of 24 hours. They feature recurring themes of cryptography, art, and conspiracy theories. His books have been translated into 57 languages and, as of 2012, have sold over 200 million copies. Three of them, Angels & Demons, The Da Vinci Code, and Inferno, have been adapted into films.",https://upload.wikimedia.org/wikipedia/commons/8/8b/Dan_Brown_bookjacket_cropped.jpg,Books,87
Joyce Carol Oates,"Joyce Carol Oates (born June 16, 1938) is an American writer. Oates published her first book in 1963 and has since published 58 novels, as well as a number of plays and novellas, and many volumes of short stories, poetry, and nonfiction. She has won many awards for her writing, including the National Book Award, for her novel them (1969), two O. Henry Awards, the National Humanities Medal and the Jerusalem Prize (2019). Her novels Black Water (1992), What I Lived For (1994), and Blonde (2000) and short story collections The Wheel of Love (1970) and Lovely, Dark, Deep: Stories (2014) were each finalists for the Pulitzer Prize.
Oates taught at Princeton University from 1978 to 2014 and is the Roger S. Berlind '52 Professor Emerita in the Humanities with the Program in Creative Writing.",https://upload.wikimedia.org/wikipedia/commons/4/44/Joyce_carol_oates_2014.jpg,Books,88
Neil Gaiman,"Neil Richard MacKinnon Gaiman (; born Neil Richard Gaiman, 10 November 1960) is an English author of short fiction, novels, comic books, graphic novels, nonfiction, audio theatre, and films. His  works include the comic book series The Sandman and novels Stardust, American Gods, Coraline, and The Graveyard Book. He has won numerous awards, including the Hugo, Nebula, and Bram Stoker awards, as well as the Newbery and Carnegie medals. He is the first author to win both the Newbery and the Carnegie medals for the same work, The Graveyard Book (2008). In 2013, The Ocean at the End of the Lane was voted Book of the Year in the British National Book Awards.",https://upload.wikimedia.org/wikipedia/commons/b/bc/Kyle-cassidy-neil-gaiman-April-2013.jpg,Books,89
