Pic,Name,Bio,,,,,,,,,,,,Username
https://images.indianexpress.com/2017/04/rajkumar-main.jpg,Rajkumar,Dr.Rajkumar is a veteran actor in Kannada film indsutry appreciated for playing versatile roles. Check out his profile analysis,,,,,,,,,,,,rajkumar
https://images.indianexpress.com/2017/04/rajkumar-main.jpg,Rajkumar,Dr.Rajkumar is a veteran actor in Kannada film indsutry appreciated for playing versatile roles. Check out his profile analysis,,,,,,,,,,,,
https://images.indianexpress.com/2017/04/rajkumar-main.jpg,Rajkumar,Dr.Rajkumar is a veteran actor in Kannada film indsutry appreciated for playing versatile roles. Check out his profile analysis,,,,,,,,,,,,
https://images.indianexpress.com/2017/04/rajkumar-main.jpg,Rajkumar,Dr.Rajkumar is a veteran actor in Kannada film indsutry appreciated for playing versatile roles. Check out his profile analysis,,,,,,,,,,,,
https://images.indianexpress.com/2017/04/rajkumar-main.jpg,Rajkumar,Dr.Rajkumar is a veteran actor in Kannada film indsutry appreciated for playing versatile roles. Check out his profile analysis,,,,,,,,,,,,
https://images.indianexpress.com/2017/04/rajkumar-main.jpg,Rajkumar,Dr.Rajkumar is a veteran actor in Kannada film indsutry appreciated for playing versatile roles. Check out his profile analysis,,,,,,,,,,,,
https://images.indianexpress.com/2017/04/rajkumar-main.jpg,Rajkumar,Dr.Rajkumar is a veteran actor in Kannada film indsutry appreciated for playing versatile roles. Check out his profile analysis,,,,,,,,,,,,
https://images.indianexpress.com/2017/04/rajkumar-main.jpg,Rajkumar,Dr.Rajkumar is a veteran actor in Kannada film indsutry appreciated for playing versatile roles. Check out his profile analysis,,,,,,,,,,,,
https://images.indianexpress.com/2017/04/rajkumar-main.jpg,Rajkumar,Dr.Rajkumar is a veteran actor in Kannada film indsutry appreciated for playing versatile roles. Check out his profile analysis,,,,,,,,,,,,
https://images.indianexpress.com/2017/04/rajkumar-main.jpg,Rajkumar,Dr.Rajkumar is a veteran actor in Kannada film indsutry appreciated for playing versatile roles. Check out his profile analysis,,,,,,,,,,,,
https://images.indianexpress.com/2017/04/rajkumar-main.jpg,Rajkumar,Dr.Rajkumar is a veteran actor in Kannada film indsutry appreciated for playing versatile roles. Check out his profile analysis,,,,,,,,,,,,
https://images.indianexpress.com/2017/04/rajkumar-main.jpg,Rajkumar,Dr.Rajkumar is a veteran actor in Kannada film indsutry appreciated for playing versatile roles. Check out his profile analysis,,,,,,,,,,,,
https://images.indianexpress.com/2017/04/rajkumar-main.jpg,Rajkumar,Dr.Rajkumar is a veteran actor in Kannada film indsutry appreciated for playing versatile roles. Check out his profile analysis,,,,,,,,,,,,
https://images.indianexpress.com/2017/04/rajkumar-main.jpg,Rajkumar,Dr.Rajkumar is a veteran actor in Kannada film indsutry appreciated for playing versatile roles. Check out his profile analysis,,,,,,,,,,,,
https://images.indianexpress.com/2017/04/rajkumar-main.jpg,Rajkumar,Dr.Rajkumar is a veteran actor in Kannada film indsutry appreciated for playing versatile roles. Check out his profile analysis,,,,,,,,,,,,
https://images.indianexpress.com/2017/04/rajkumar-main.jpg,Rajkumar,Dr.Rajkumar is a veteran actor in Kannada film indsutry appreciated for playing versatile roles. Check out his profile analysis,,,,,,,,,,,,
https://images.indianexpress.com/2017/04/rajkumar-main.jpg,Rajkumar,Dr.Rajkumar is a veteran actor in Kannada film indsutry appreciated for playing versatile roles. Check out his profile analysis,,,,,,,,,,,,
https://images.indianexpress.com/2017/04/rajkumar-main.jpg,Rajkumar,Dr.Rajkumar is a veteran actor in Kannada film indsutry appreciated for playing versatile roles. Check out his profile analysis,,,,,,,,,,,,
https://images.indianexpress.com/2017/04/rajkumar-main.jpg,Rajkumar,Dr.Rajkumar is a veteran actor in Kannada film indsutry appreciated for playing versatile roles. Check out his profile analysis,,,,,,,,,,,,
